{
  "num_cases": 20,
  "syntax_pass_rate": 0.6,
  "avg_coverage_score": 0.35212301587301587,
  "avg_exact_match_score": 0.12999999999999998
}